date,total_sales,rolling_28
2013-01-01,2511.618999,
2013-01-02,496092.417944,
2013-01-03,361461.231124,
2013-01-04,354459.6770927,
2013-01-05,477350.121229,
2013-01-06,519695.401088,
2013-01-07,336122.801066,363956.1812203857
2013-01-08,318347.777981,358255.1308154625
2013-01-09,302530.809018,352063.53950463334
2013-01-10,258982.003049,342755.38585907
2013-01-11,289737.6850845,337935.59487956367
2013-01-12,403258.2120105,343379.1463071417
2013-01-13,464638.547998,352706.7925910539
2013-01-14,293348.362078,348466.90469726425
2013-01-15,299129.549954,345177.74771438
2013-01-16,318347.913946,343500.88310385623
2013-01-17,267498.5159755,339030.15562571766
2013-01-18,296130.850028,336646.8608702889
2013-01-19,432459.852021,341689.64987822104
2013-01-20,461092.386047,347659.78668665997
2013-01-21,311211.26595000003,345924.14284205716
2013-01-22,296214.728983,343664.62403028185
2013-01-23,283258.4530325,341038.2687695087
2013-01-24,247245.690995,337130.24469557084
2013-01-25,290022.77193,335245.945784948
2013-01-26,413799.7679753,338267.24663842306
2013-01-27,430411.991233,341680.0149567407
2013-01-28,285460.169953,339672.16334946424
2013-01-29,264488.81807649997,349028.49188794644
2013-01-30,281061.127052,341348.80292751786
2013-01-31,271254.217996,338127.1238872321
2013-02-01,369402.055266,338660.7802505643
2013-02-02,518887.462705,340144.25673185
2013-02-03,486336.82018,338952.87884227856
2013-02-04,344308.715017,339245.23291195714
2013-02-05,321245.83913,339348.73509585
2013-02-06,321538.177149,340027.5696719571
2013-02-07,290807.530973,341164.1956692428
2013-02-08,347441.789912,343225.0565559393
2013-02-09,416176.2790747,343686.41609394643
2013-02-10,300951.328993,337840.443986625
2013-02-11,278627.588926,337314.70208833925
2013-02-12,308800.7909121,337660.10355112853
2013-02-13,319597.929962,337704.7469802714
2013-02-14,308164.016957,339157.0863010393
2013-02-15,320168.883912,340015.5875111822
2013-02-16,485660.494008,341915.6104392893
2013-02-17,399588.910014,339719.057723825
2013-02-18,350745.573191,341130.9972681464
2013-02-19,293637.801951,341038.96415986074
2013-02-20,313803.162034,342129.84662419994
2013-02-21,267711.1090155,342860.7544106464
2013-02-22,285679.869131,342705.65073925356
2013-02-23,412897.349113,342673.42149417143
2013-02-24,452726.126103,343470.3548823857
2013-02-25,307110.875933,344243.59438167146
2013-02-26,270425.0070675,344455.60113135
2013-02-27,288401.998919,344717.7751266
2013-02-28,278116.291888,344962.84919417143
2013-03-01,378898.165064,345301.99597267143
2013-03-02,547857.205258,346336.6296352786
2013-03-03,559820.580027,348961.0496298143
2013-03-04,383647.679097,350366.0126326714
2013-03-05,332189.993189,350756.8752776357
2013-03-06,335726.580968,351263.60398545716
2013-03-07,293099.52701,351345.4609867786
2013-03-08,316600.679967,350243.99277445715
2013-03-09,453259.496866,351568.3934098607
2013-03-10,461859.756153,357315.12295128923
2013-03-11,318379.133021,358734.8209546822
2013-03-12,271823.37801,357414.1990653214
2013-03-13,287869.663972,356281.04670853575
2013-03-14,247541.420096,354115.9539635
2013-03-15,315878.090213,353962.7113313928
2013-03-16,482233.433961,353840.3163297143
2013-03-17,513439.584913,357906.4118618214
2013-03-18,330283.80303,357175.6343560714
2013-03-19,294020.245897,357189.2930684286
2013-03-20,321207.006946,357453.716101
2013-03-21,269130.127953,357504.39534876787
2013-03-22,304100.453969,358162.2733786964
2013-03-23,453192.003086,359601.36816344643
2013-03-24,449794.636951,359496.6721223036
2013-03-25,317559.6099585,359869.8411946428
2013-03-26,275818.2359,360062.4565100893
2013-03-27,313691.148998,360965.64044148213
2013-03-28,339293.269022,363150.5324819822
2013-03-29,345513.132,361958.2098725536
2013-03-30,452661.356036,358558.358114625
2013-03-31,462107.639956,355068.61025494646
2013-04-01,428816.447912,356681.78056976787
2013-04-02,377732.827961,358308.3103830536
2013-04-03,373731.0758793,359665.6137727429
2013-04-04,308738.385963,360224.1444496357
2013-04-05,336394.782031,360931.07666620717
2013-04-06,509424.214023,362936.9594218143
2013-04-07,519048.376884,364979.4101622072
2013-04-08,346649.815943,365989.07740942144
2013-04-09,306335.8019617,367221.66397912503
2013-04-10,312846.374941,368113.68937087496
2013-04-11,303223.41301,370102.3319749464
2013-04-12,314394.967035,370049.3632900179
2013-04-13,453442.497048,369021.115543125
2013-04-14,478417.148813,367770.3142538393
2013-04-15,338712.458055,368071.3376475893
2013-04-16,333431.880049,369478.89601016074
2013-04-17,334990.518942,369971.16429573216
2013-04-18,281924.509951,370428.1065099464
2013-04-19,311588.70494,370695.544044625
2013-04-20,459884.838043,370934.57386451785
2013-04-21,485721.032087,372217.6594050893
2013-04-22,328886.320986,372622.18479892856
2013-04-23,302097.8329435,373560.7418361964
2013-04-24,310555.184925,373448.7431193036
2013-04-25,268790.618996,370930.7913326607
2013-04-26,304413.556952,369462.94936666073
2013-04-27,446665.337895,369248.805861625
2013-04-28,477623.4729303,369802.9427535643
2013-04-29,328795.874018,366230.77940020716
2013-04-30,310186.466894,363818.4093621
2013-05-01,507974.636889,368612.82225530356
2013-05-02,348709.460063,370040.3606160179
2013-05-03,374291.2510323,371393.8059374928
2013-05-04,520339.51596499997,371783.6381497071
2013-05-05,580268.550981,373970.07293888566
2013-05-06,369869.383046,374799.3431925643
2013-05-07,317292.964148,375190.6704135036
2013-05-08,332477.410968,375891.7788430393
2013-05-09,305868.0570225,375986.2304149143
2013-05-10,335937.441949,376755.6045189857
2013-05-11,512090.58108,378850.17894869996
2013-05-12,387860.5050145,375616.0130987536
2013-05-13,350598.06187,376040.4989492893
2013-05-14,308469.313119,375148.9787017893
2013-05-15,329113.560081,374939.0873138964
2013-05-16,307556.946937,375854.53149196785
2013-05-17,330004.241998,376512.2292440393
2013-05-18,480969.558942,377265.2549904321
2013-05-19,518153.554009,378423.5593447893
2013-05-20,341787.214991,378884.3055592536
2013-05-21,307178.399952,379065.75438098575
2013-05-22,301785.4831075,378752.5507446464
2013-05-23,289261.058026,379483.6378528607
2013-05-24,398389.241982,382839.91231821786
2013-05-25,417930.141993,381813.65532171784
2013-05-26,450631.400068,380849.6527194929
2013-05-27,321630.8309235,380593.7583232607
2013-05-28,307329.1680565,380491.7119362071
2013-05-29,309333.380899,373397.3813651357
2013-05-30,304344.849939,371812.9310035643
2013-05-31,330257.841975,370240.3092515179
2013-06-01,566901.814988,371903.2485023393
2013-06-02,637698.494958,373954.3179300893
2013-06-03,426332.097995,375970.8434639821
2013-06-04,369705.160085,377842.7076045893
2013-06-05,361791.080915,378889.6243884107
2013-06-06,317496.765891,379304.93541942857
2013-06-07,357673.087977,380081.2084918571
2013-06-08,466292.699096,378445.5698495715
2013-06-09,526804.730256,383407.8636081964
2013-06-10,349754.291978,383377.7289691964
2013-06-11,283858.2159925,382498.7612146786
2013-06-12,320173.5779987,382179.4761403107
2013-06-13,282886.9200452,381298.4037513179
2013-06-14,326956.74210719997,381189.5644695036
2013-06-15,505950.6668701,382081.74689550715
2013-06-16,435894.082881,379143.9086409357
2013-06-17,370944.271024,380185.2320706857
2013-06-18,320885.3399215,380674.765641025
2013-06-19,319235.25797700003,381297.9718863643
2013-06-20,293877.944015,381462.8606716857
2013-06-21,319722.6870265,378653.34085184644
2013-06-22,446347.312096,379668.2397840964
2013-06-23,504964.845142,381608.7199653107
2013-06-24,336631.9640383,382144.4747194107
2013-06-25,305119.530064,382065.55907682143
2013-06-26,301847.2489636,381798.19722198567
2013-06-27,266525.458966,380447.5046872357
2013-06-28,324210.971803,380231.5450382357
2013-06-29,509379.108146,378177.16265102144
2013-06-30,533481.693027,374455.1340106285
2013-07-01,441758.3880965,375006.072942825
2013-07-02,390958.38408,375765.1166569321
2013-07-03,374551.917949,376220.8608367178
2013-07-04,327020.179028,376560.9827344679
2013-07-05,351401.500074,376336.9974522179
2013-07-06,479514.493924,376809.20441036066
2013-07-07,500606.073078,375873.538082575
2013-07-08,365452.995017,376434.2060482536
2013-07-09,317279.1449993,377627.81065563933
2013-07-10,314134.886071,377412.14308679284
2013-07-11,281750.931023,377371.5720502857
2013-07-12,308786.438133,376722.63262263575
2013-07-13,432569.1022205,374101.8624565786
2013-07-14,438722.417857,374202.87442000717
2013-07-15,348803.0469486,373412.1164173143
2013-07-16,335516.229006,373934.6481703321
2013-07-17,324313.8180255,374116.02531492145
2013-07-18,287074.8739522,373873.0585269643
2013-07-19,313332.555049,373644.8395277679
2013-07-20,435497.731013,373257.3544890893
2013-07-21,437952.624049,370864.060878625
2013-07-22,342802.29905,371084.42998618574
2013-07-23,316257.463107,371482.21330915
2013-07-24,309243.7899995,371746.37548900355
2013-07-25,298074.2249247,372873.1171303857
2013-07-26,318745.692921,372677.9285988857
2013-07-27,423890.5020012,369624.7640937143
2013-07-28,433358.6520873,366048.94120301073
2013-07-29,331493.2850525,362110.9018085822
2013-07-30,318553.989932,359525.0305890107
2013-07-31,357982.979012,358933.2827698322
2013-08-01,397555.3181021,361452.3948796214
2013-08-02,393831.120007,362967.73844865715
2013-08-03,516956.846013,364304.96530897863
2013-08-04,514267.27594,364792.8654111928
2013-08-05,407033.810946,366277.8945515143
2013-08-06,357263.854086,367705.9198760392
2013-08-07,351302.132003,369033.32151646784
2013-08-08,310953.0239315,370076.25340605713
2013-08-09,337521.667868,371102.5116108786
2013-08-10,434184.94409,371160.220249075
2013-08-11,434720.3230013,371017.28828994284
2013-08-12,349539.224033,371043.58032867144
2013-08-13,317103.331061,370385.97683063574
2013-08-14,324377.386893,370388.24714733206
2013-08-15,311043.17291,371244.2578243964
2013-08-16,364487.3218839,373071.21378278575
2013-08-17,448835.3109167,373547.5559222036
2013-08-18,464053.7730675,374479.7398157214
2013-08-19,362085.52696,375168.4265267929
2013-08-20,343046.11398,376125.16405797144
2013-08-21,335724.643932,377070.908841275
2013-08-22,306473.26098,377370.8744146786
2013-08-23,331906.369098,377840.8985638572
2013-08-24,420576.154994,377722.5290278857
2013-08-25,443694.093754,378091.65194455354
2013-08-26,347159.6410143,378651.16465747496
2013-08-27,319688.2190185,378691.67283913575
2013-08-28,319322.060993,377310.9257670286
2013-08-29,294518.685943,373631.04604706075
2013-08-30,354932.930947,372241.8250092035
2013-08-31,523631.3811059,372480.20126252144
2013-09-01,640406.221875,376985.1636173428
2013-09-02,458792.960966,378833.70468948566
2013-09-03,397680.420032,380277.15347327146
2013-09-04,392565.48591,381750.84468423575
2013-09-05,330622.779063,382453.3359389321
2013-09-06,335442.247929,382379.07094111067
2013-09-07,518584.247,385393.33175932505
2013-09-08,560852.005091,389898.0346911
2013-09-09,377151.7070027,390884.1947971607
2013-09-10,308074.4658225,390561.7353243571
2013-09-11,323124.61885,390516.99360853573
2013-09-12,282855.730937,389510.29925235716
2013-09-13,319556.942029,387905.64282896783
2013-09-14,476364.004996,388888.8104746571
2013-09-15,532852.959041,391345.924259425
2013-09-16,373229.840879,391743.9354708178
2013-09-17,327282.949966,391180.9653274607
2013-09-18,315687.718926,390465.3608629607
2013-09-19,279580.372008,389504.90054253215
2013-09-20,331846.9039701,389502.7767879643
2013-09-21,468298.380896,391207.14199875004
2013-09-22,502068.7019007,393291.94943256077
2013-09-23,356043.0340047,393609.2134679322
2013-09-24,303333.392926,393025.1125360572
2013-09-25,312490.104996,392781.11410759285
2013-09-26,273057.8798588,392014.6567474428
2013-09-27,320246.574024,390775.8582859072
2013-09-28,484903.6890081,389392.7264252714
2013-09-29,522868.441946,385194.94857066433
2013-09-30,367068.4500143,381919.0731795322
2013-10-01,436441.034076,383303.3808239607
2013-10-02,414455.6550375,384085.17257851426
2013-10-03,348933.24703,384739.11786305
2013-10-04,378109.978059,386262.96536769293
2013-10-05,540156.625057,387033.4074411571
2013-10-06,553031.424016,386754.1009741929
2013-10-07,373387.109043,386619.65104706073
2013-10-08,326726.7240121,387285.80312526075
2013-10-09,322529.418957,387264.545986225
2013-10-10,305047.0980576,388057.0948119607
2013-10-11,402913.849028,391034.1272047822
2013-10-12,426379.6909939,389248.9731332786
2013-10-13,481781.2559686,387424.9837378357
2013-10-14,342694.7209944,386334.4437419572
2013-10-15,305242.569986,385547.2873141
2013-10-16,355696.963943,386976.18892185006
2013-10-17,312949.412961,388167.94038445706
2013-10-18,323327.873107,387863.68928220356
2013-10-19,488245.570001,388576.0888930964
2013-10-20,537713.5090483,389849.1177197964
2013-10-21,348721.327971,389587.6282185928
2013-10-22,301641.7850828,389527.2136527643
2013-10-23,323105.11598,389906.3211879072
2013-10-24,276059.0800025,390013.50690732506
2013-10-25,317570.4260338,389917.9301933893
2013-10-26,452902.363914,388775.02572574286
2013-10-27,512891.4830689,388418.7057658465
2013-10-28,346941.91396,387699.90090676426
2013-10-29,302332.9969864,382910.32815356425
2013-10-30,319494.7050373,379518.8656535571
2013-10-31,298195.433106,377706.8008705572
2013-11-01,403637.232955,378618.48854541423
2013-11-02,540615.555037,378634.87890184287
2013-11-03,602796.556029,380412.2050451643
2013-11-04,424314.167046,382231.02854527143
2013-11-05,393322.182909,384609.4377915893
2013-11-06,386426.9788195,386891.49350096425
2013-11-07,346293.3400477,388364.57357203925
2013-11-08,358473.978049,386777.4353227893
2013-11-09,513850.32307,389901.3864683643
2013-11-10,587666.490239,393683.0019780214
2013-11-11,374087.890067,394804.1865877571
2013-11-12,373277.748034,397234.0143751857
2013-11-13,332279.2568851,396397.6676945464
2013-11-14,284567.4029707,395384.0244806072
2013-11-15,349383.296052,396314.5753000714
2013-11-16,524065.5881155,397593.8616613035
2013-11-17,579209.228924,399075.8516568643
2013-11-18,391945.551999,400619.5739435786
2013-11-19,329455.2710234,401612.91272717144
2013-11-20,354337.734795,402728.3633991357
2013-11-21,298047.047965,403513.647969225
2013-11-22,340734.213038,404340.92607651785
2013-11-23,485544.298837,405506.709466625
2013-11-24,550925.293106,406865.05982509285
2013-11-25,365965.5090102,407544.4739340286
2013-11-26,323292.830024,408293.0393996571
2013-11-27,337083.286026,408921.2030063965
2013-11-28,305982.981947,409199.3297507178
2013-11-29,357000.404165,407533.7287225035
2013-11-30,541977.655801,407582.37517836073
2013-12-01,698217.128989,410990.2527840749
2013-12-02,495488.366984,413532.1884961464
2013-12-03,424438.046973,414643.469355575
2013-12-04,424147.0459855,415990.6146115036
2013-12-05,386406.804985,417423.2383592643
2013-12-06,432661.755068,420072.80182422855
2013-12-07,537181.319801,420906.0517074786
2013-12-08,588855.895921,420948.53048183577
2013-12-09,442309.3141075,423385.00991185365
2013-12-10,414421.695986,424854.436624425
2013-12-11,422957.198908,428092.9345538143
2013-12-12,384256.080979,431653.24448268214
2013-12-13,434657.0129787,434698.73437292146
2013-12-14,554911.917024,435800.3889767965
2013-12-15,642015.7758165,438043.47993724287
2013-12-16,516060.290853,442476.14918202854
2013-12-17,480470.71684249997,447869.55796128215
2013-12-18,527481.336925,454053.2580373536
2013-12-19,507461.038187,461532.32911671064
2013-12-20,544104.2676365,468795.5453523714
2013-12-21,685673.07474,475943.0016346214
2013-12-22,696295.146867,481134.7821260857
2013-12-23,792865.284427,496381.2026766857
2013-12-24,620663.290732,507001.5762734
2013-12-26,470731.1624137,511774.7147158179
2013-12-27,479314.968043,517965.14279067505
2013-12-28,556952.3059789999,525106.282141175
2013-12-29,499719.5049237,523597.0624669857
2013-12-30,635134.7358515,521344.1198549322
2013-12-31,507264.6630475,521764.7018572
2014-01-01,8602.065404,506913.4168011643
2014-01-02,801011.226041,520372.8518031464
2014-01-03,680672.845603,530882.3532537894
2014-01-04,936628.8866039,548881.1793800715
2014-01-05,949618.78894,563611.0889921786
2014-01-06,602268.564009,564090.1128524642
2014-01-07,563450.5988595,568416.5873078929
2014-01-08,636176.853478,576336.4143611786
2014-01-09,496377.933414,578958.5834506785
2014-01-10,543055.329066,584629.9851680715
2014-01-11,787321.455619,597225.1438337964
2014-01-12,844633.598917,607572.3467585464
2014-01-13,555547.0150185,604484.1767300464
2014-01-14,502643.104285,604004.991495475
2014-01-15,567067.469069,607097.7326464214
2014-01-16,502789.214207,606215.8711207786
2014-01-17,542937.915657,607482.9024589929
2014-01-18,786779.8899055,616149.8889686
2014-01-19,851735.334091,622080.6839454214
2014-01-20,575850.061871,617779.0737669928
2014-01-21,538817.207912,608705.9281771715
2014-01-22,553097.596874,606292.8676822429
2014-01-23,460789.0398597,605937.7918767428
2014-01-24,526124.572256,607609.5634557785
2014-01-25,733880.979053,613928.4446369929
2014-01-26,814057.732862,625154.8099205036
2014-01-27,540798.833711,621785.6705583428
2014-01-28,481593.435798,620868.8410137178
2014-01-29,512853.989922,638877.8383179322
2014-01-30,453642.9707033,626471.8291987285
2014-01-31,560816.192394,622191.2344412644
2014-02-01,648870.19898,611914.1384546964
2014-02-02,619805.537102,600135.0937461965
2014-02-03,461637.5229585,595112.5565658214
2014-02-04,403189.5869763,589388.9489985643
2014-02-05,399138.3059075,580923.2865853321
2014-02-06,359139.101529,576021.8997322965
2014-02-07,389471.568011,570536.7654089036
2014-02-08,530128.059914,561351.2869908678
2014-02-09,520753.7470746,549784.1494250678
2014-02-10,396622.737011,544108.2823533715
2014-02-11,358382.7339877,538956.1262713249
2014-02-12,387758.393971,532552.2307321107
2014-02-13,347373.2985675,527001.6623164143
2014-02-14,361206.4069057,520511.2512895822
2014-02-15,538893.357859,511658.16085935
2014-02-16,595300.23508,502499.76446609996
2014-02-17,412029.2879535,496649.02254047495
2014-02-18,365331.247942,490453.0953986893
2014-02-19,360161.6390075,483562.52547488565
2014-02-20,322451.9201135,478621.9140553786
2014-02-21,369403.653633,473024.73839027144
2014-02-22,538206.082827,466036.34923934285
2014-02-23,487896.463891,454387.73249037855
2014-02-24,404224.188997,449510.0666077357
2014-02-25,351418.110084,444860.94783223566
2014-02-26,353604.266985,439173.45772734284
2014-02-27,330330.185244,434769.429675225
2014-02-28,425624.795466,429941.16549922497
2014-03-01,911360.2578707,439315.81045960716
2014-03-02,667413.052988,441016.0788841071
2014-03-03,613973.031386,446456.63275651785
2014-03-04,748930.902096,458804.5368679357
2014-03-05,741756.416525,471040.89796141785
2014-03-06,614082.444339,480146.0173474893
2014-03-07,598242.341178,487602.11638916784
2014-03-08,753345.259201,495574.15922084637
2014-03-09,916117.649984,509694.2986104678
2014-03-10,587414.828974,516508.30189486075
2014-03-11,539365.375063,522971.96764755005
2014-03-12,575676.797032,529683.3391854429
2014-03-13,473298.042544,534180.6514703179
2014-03-14,530515.2554715,540227.3960619535
2014-03-15,731049.789851,547090.1257759535
2014-03-16,929808.492772,559036.8492649535
2014-03-17,612719.522118,566204.3576279714
2014-03-18,537427.86875,572350.6655139715
2014-03-19,585974.657018,580415.4161572036
2014-03-20,500897.112641,586788.4587474714
2014-03-21,548811.469984,593195.8807600072
2014-03-22,771704.933772,601535.1254366143
2014-03-23,838814.636064,614067.9172999357
2014-03-24,571762.044919,620051.4121542928
2014-03-25,539861.6183493,626781.5374494821
2014-03-26,569680.543547,634498.5473266963
2014-03-27,468581.39830400003,639436.0906502678
2014-03-28,538905.781947,643481.8401674464
2014-03-29,822333.142686,640302.3003394214
2014-03-30,873958.8396415,647678.9355770464
2014-03-31,651800.509461,649029.9169368679
2014-04-01,485079.887001,639606.6663977607
2014-04-02,463917.316107,629683.8413828321
2014-04-03,388867.961418,621640.4669927964
2014-04-04,422578.745073,615366.7671319034
2014-04-05,617680.194045,610521.586233475
2014-04-06,631888.250898,600370.5362661179
2014-04-07,426091.1040178,594608.9746605393
2014-04-08,376663.272105,588798.1852691822
2014-04-09,375309.08201199997,581642.1954470393
2014-04-10,334052.7571255,576669.1495392357
2014-04-11,379646.845927,571280.9920555035
2014-04-12,529919.922964,564097.7825238251
2014-04-13,540190.281942,550182.8464227536
2014-04-14,381386.309033,541920.9459554321
2014-04-15,364689.054991,535751.7026068964
2014-04-16,411357.084985,529515.360748575
2014-04-17,397464.842904,525821.3511151107
2014-04-18,394392.184115,520306.3766197893
2014-04-19,496904.749136,510492.0843113608
2014-04-20,520126.3980386,499110.3615247393
2014-04-21,398677.396998,492928.7669561322
2014-04-22,370552.249018,486882.0037657286
2014-04-23,372232.595049,479830.2913193714
2014-04-24,320875.477858,474555.0798748714
2014-04-25,357173.708433,468064.6486779428
2014-04-26,497334.735036,456457.5626904429
2014-04-27,560508.420995,445262.90488163935
2014-04-28,362271.9169815,434922.5980073715
2014-04-29,326338.348031,429253.2573298714
2014-04-30,357079.964912,425437.63764433574
2014-05-01,530380.848064,430491.6693102643
2014-05-02,443284.891212,431231.1745295143
2014-05-03,610391.748971,430970.8729197286
2014-05-04,646164.863883,431480.75195490714
2014-05-05,427601.704071,431534.70195680717
2014-05-06,388945.890086,431973.36688469996
2014-05-07,391932.183945,432567.0490965928
2014-05-08,337483.713217,432689.58324271784
2014-05-09,381335.196055,432749.88146157505
2014-05-10,577012.026997,434431.7423198964
2014-05-11,454512.928937,431371.83685543214
2014-05-12,398251.889006,431974.17899732507
2014-05-13,360734.522978,431832.94571114646
2014-05-14,356373.806985,429869.2572111464
2014-05-15,332272.8296378,427540.9710230679
2014-05-16,380822.742652,427056.348113675
2014-05-17,537873.964019,428519.53435949644
2014-05-18,634519.7368283,432605.0107448428
2014-05-19,388814.744958,432252.7731719857
2014-05-20,354372.33997,431674.9192774143
2014-05-21,356898.483031,431127.27241962857
2014-05-22,310660.142642,430762.43901905714
2014-05-23,349549.892726,430490.1598866643
2014-05-24,516627.261707,431179.17869634286
2014-05-25,573412.21016,431640.0283093786
2014-05-26,373831.086112,432052.855778325
2014-05-27,327642.143098,432099.4198878607
2014-05-28,338481.784057,431435.19914303924
2014-05-29,326624.5773325,424158.1894740571
2014-05-30,375782.6398709,421747.39478330355
2014-05-31,597192.467989,421275.9918910893
2014-06-01,742732.830236,424724.8478322678
2014-06-02,512725.7729758,427764.99315029645
2014-06-03,443636.187975,429718.21807490353
2014-06-04,423284.494993,430837.943469475
2014-06-05,359474.513823,431623.32920540357
2014-06-06,391266.125449,431978.0052551893
2014-06-07,557142.461024,431268.3778990107
2014-06-08,626026.956957,437393.878899725
2014-06-09,415798.946041,438020.5595081179
2014-06-10,351689.4229725,437697.5202222071
2014-06-11,373828.16418,438320.8901220286
2014-06-12,329408.06736,438218.5771835357
2014-06-13,392308.374573,438628.7783235715
2014-06-14,622072.988944,441635.88635660714
2014-06-15,441279.9339945,434734.4648268286
2014-06-16,447450.23987,436828.58964511426
2014-06-17,380396.036044,437758.0073620429
2014-06-18,373408.6641423,438347.65668744646
2014-06-19,332280.93509600003,439119.82784651784
2014-06-20,369206.789547,439821.85987583926
2014-06-21,538613.855166,440607.0953565179
2014-06-22,591184.1240535,441241.80656699993
2014-06-23,414929.6359765,442709.61191930354
2014-06-24,340464.7450455,443167.56198885717
2014-06-25,355342.398017,443769.7267731429
2014-06-26,315798.180924,443383.0697585535
2014-06-27,370793.573429,443204.88881420007
2014-06-28,510870.81398,440121.9725995929
2014-06-29,567218.8850125,433853.6174130393
2014-06-30,429324.0552005,430874.98463534995
2014-07-01,720480.616788,440762.2856643857
2014-07-02,747430.1471275,452338.9160977607
2014-07-03,583844.7207922,460352.13777523214
2014-07-04,595424.31324,467643.50162491074
2014-07-05,817307.1101677,476935.0962371857
2014-07-06,918276.596259,487372.58335511433
2014-07-07,638526.428909,495327.13631468575
2014-07-08,557291.4975265,502670.0675487571
2014-07-09,574451.409963,509835.18346957857
2014-07-10,498047.54898,515858.0220988643
2014-07-11,535644.182793,520977.1581067215
2014-07-12,756698.7523004999,525785.2210837392
2014-07-13,733653.779849,536227.1441499714
2014-07-14,584867.15114,541134.8909810429
2014-07-15,562860.0268329,547651.4620806464
2014-07-16,621336.4939885,556506.0274322964
2014-07-17,498221.7050971,562432.4835037643
2014-07-18,547619.0590519,568804.3502717965
2014-07-19,728988.226204,575603.434951725
2014-07-20,776474.1180457,582220.9347371607
2014-07-21,600228.430008,588838.7488097142
2014-07-22,530276.040011,595617.7236299107
2014-07-23,574168.635995,603432.9464148392
2014-07-24,484618.8170115,609462.2548465357
2014-07-25,579767.285128,616925.6016929286
2014-07-26,688919.5500267,623284.4851231679
2014-07-27,747307.86662,629716.2344662929
2014-07-28,583936.68549,635238.1141194893
2014-07-29,524743.3250017,628247.4965556929
2014-07-30,578056.965281,622198.4543468893
2014-07-31,532423.558194,620361.9842540964
2014-08-01,506826.7949305,617197.7871716142
2014-08-02,626533.637869,610384.4488752323
2014-08-03,625898.205888,599942.3635048392
2014-08-04,471173.304022,593965.4661874464
2014-08-05,417197.476176,588962.1082820714
2014-08-06,402914.370941,582835.7854598572
2014-08-07,359701.53298899997,577894.8563173214
2014-08-08,397759.9389829,572970.4190383892
2014-08-09,496192.787084,563666.6345663714
2014-08-10,509681.7650025,555667.6340361394
2014-08-11,409544.575013,549406.113460175
2014-08-12,353898.211991,541943.1915015357
2014-08-13,372116.544964,533042.4790363751
2014-08-14,340740.8170565,527418.1616063536
2014-08-15,402631.8400593,522240.04664233216
2014-08-16,533996.15517,515276.0441054036
2014-08-17,564443.173007,507703.51035402145
2014-08-18,433042.298907,501732.5771004143
2014-08-19,379329.9530773,496341.64542421076
2014-08-20,398126.790988,490054.4366739607
2014-08-21,355108.8749955,485429.0816019607
2014-08-22,388359.8983235,478593.10350180004
2014-08-23,499678.208204,471834.48415098933
2014-08-24,528990.5611087,464037.4375255857
2014-08-25,412250.075007,457905.77286547853
2014-08-26,355053.9079745,451845.43654307857
2014-08-27,366321.498077,444283.45557150716
2014-08-28,327912.427,436979.48660029285
2014-08-29,403288.917062,433281.70524784643
2014-08-30,586373.694132,431847.4215429536
2014-08-31,660088.183052,433068.4921559536
2014-09-01,812526.219024,445259.6676917393
2014-09-02,717351.552768,455979.4561414536
2014-09-03,726683.8617375,467542.65224132856
2014-09-04,551340.0774347,474386.88597153215
2014-09-05,603043.241921,481718.4325050357
2014-09-06,870139.4459765,495073.67032262497
2014-09-07,997964.077948,512512.32435639284
2014-09-08,648651.744928,521051.8661390714
2014-09-09,562420.568002,528499.0931394643
2014-09-10,612987.4722337,537101.6262562393
2014-09-11,483462.953022,542198.8453978642
2014-09-12,564382.847851,547975.6671047107
2014-09-13,795802.238124,557325.8843530678
2014-09-14,896501.5622945,569185.1125419071
2014-09-15,630710.5728885,576244.6937555321
2014-09-16,608239.973016,584420.0516104858
2014-09-17,617472.3442115,592253.8213684679
2014-09-18,479500.843061,596696.3916565215
2014-09-19,550213.093909,602476.8629274322
2014-09-20,808490.763077,613505.8827443251
2014-09-21,901420.451004,626806.9502405857
2014-09-22,589120.293928,633123.7437734787
2014-09-23,559954.304399,640441.6150743536
2014-09-24,598183.114508,648722.3870897464
2014-09-25,466867.377076,653685.063878175
2014-09-26,515474.223943,657691.6819810679
2014-09-27,781202.367982,664649.8489042821
2014-09-28,886531.789814,672737.1205743535
2014-09-29,586682.822002,664671.284966425
2014-09-30,599093.9157257,660447.7979292001
2014-10-01,784500.253914,662512.6690783607
2014-10-02,634306.519052,665475.7562789787
2014-10-03,675639.295098,668068.4724638715
2014-10-04,931317.51302,670253.4034297107
2014-10-05,985466.962071,669807.0778626751
2014-10-06,641480.757266,669550.9711604606
2014-10-07,586410.2709706,670407.7462664823
2014-10-08,620201.323059,670665.3837959572
2014-10-09,510519.923104,671631.7041560287
2014-10-10,702470.317955,676563.3995168858
2014-10-11,748309.153739,674867.2179317072
2014-10-12,843971.132714,672991.1311609751
2014-10-13,611726.926015,672313.1437726356
2014-10-14,550589.573294,670254.2009254216
2014-10-15,624797.469491,670515.8125425465
2014-10-16,538252.607117,672614.0898302607
2014-10-17,558538.135999,672911.4127620464
2014-10-18,820840.970792,673352.4916090107
2014-10-19,935410.595877,674566.4253544749
2014-10-20,624629.990941,675834.628819225
2014-10-21,542207.165266,675200.8024216179
2014-10-22,584926.355993,674727.3467603679
2014-10-23,492233.2322,675633.2701576536
2014-10-24,528403.680064,676095.0364476893
2014-10-25,758926.230707,675299.4601164393
2014-10-26,892128.498949,675499.3425855465
2014-10-27,572806.6319285,675003.7643686357
2014-10-28,512678.811505,671917.5106464678
2014-10-29,560819.6780005,663928.9186495572
2014-10-30,459715.26616,657693.5167605571
2014-10-31,561876.0719155,653630.5445040392
2014-11-01,873539.2478855,651567.03503495
2014-11-02,709851.4922288,641723.6253977285
2014-11-03,973192.041735,653570.456985907
2014-11-04,702751.953595,657725.5170796356
2014-11-05,718799.9390395,661246.8962217963
2014-11-06,566118.381055,663232.5554343321
2014-11-07,585330.25773,659048.9818548679
2014-11-08,816064.644983,661468.8208278678
2014-11-09,941478.422301,664951.2240274035
2014-11-10,593376.793073,664295.862136618
2014-11-11,552505.750307,664364.2970299392
2014-11-12,588093.484021,663053.4404060106
2014-11-13,468057.386823,660546.4682526536
2014-11-14,553007.970965,660348.9623585821
2014-11-15,786124.201177,659109.077729475
2014-11-16,956619.401927,659866.5350884035
2014-11-17,620876.340058,659732.4761282966
2014-11-18,553367.204141,660131.0489452606
2014-11-19,580234.0113007,659963.46520625
2014-11-20,511855.7610447,660664.2698078464
2014-11-21,567978.732759,662077.6645469535
2014-11-22,763720.148593,662248.8759000251
2014-11-23,907432.656994,662795.4529730607
2014-11-24,610847.95702,664154.0717263286
2014-11-25,541225.608011,665173.6001729715
2014-11-26,579125.306002,665827.3726015964
2014-11-27,475823.897052,666402.6808477392
2014-11-28,559619.825094,666322.1006041142
2014-11-29,850925.105136,665514.452648775
2014-11-30,1023691.281592,676723.0165546036
2014-12-01,817413.561974,671159.4994202822
2014-12-02,735319.1840285,672322.614792907
2014-12-03,715127.614539,672191.4603464607
2014-12-04,578961.517004,672650.1437732106
2014-12-05,635445.153317,674439.9614727463
2014-12-06,829386.70612,674915.7493704964
2014-12-07,1013889.8074,677501.8702668893
2014-12-08,790283.289992,684534.2451568535
2014-12-09,665123.962957,688556.3241800679
2014-12-10,732121.033873,693700.1652462108
2014-12-11,580542.178879,697717.4792482107
2014-12-12,642760.387245,700922.9226867821
2014-12-13,854830.905829,703376.7335672107
2014-12-14,999106.1325775,704894.1168047285
2014-12-15,790182.945791,710940.7812951928
2014-12-16,799067.056179,719715.7760108357
2014-12-17,779966.499188,726849.0791496679
2014-12-18,731938.479893,734709.1762513928
2014-12-19,757349.3758179,741472.4135034963
2014-12-20,935555.52434,747609.3912087464
2014-12-21,1056605.2012285,752936.9820742642
2014-12-22,1008143.3460193,767126.1031099536
2014-12-23,1064977.9730725,785831.5447192928
2014-12-24,965982.871715,799647.8863519001
2014-12-26,872098.456795,813800.5491998643
2014-12-27,740596.158932,820263.9896940786
2014-12-28,716329.635071,815457.0086203285
2014-12-29,773998.401175,806539.4057482928
2014-12-30,912970.533204,809952.1547207928
2014-12-31,844380.469674,813847.2006367036
2015-01-01,12773.61698,788763.1292953107
2015-01-02,657763.391981,791577.4819730608
2015-01-03,648880.686926,792057.3224590964
2015-01-04,730923.776022,788540.7892413108
2015-01-05,569267.29796,772661.4139041678
2015-01-06,477886.741053,761504.3942992036
2015-01-07,494160.850117,755398.5688406321
2015-01-08,417482.689131,744161.4850998465
2015-01-09,439381.226073,739120.0224996321
2015-01-10,569956.90801,736519.8982412394
2015-01-11,694860.9511,730806.6855723464
2015-01-12,442845.544014,710940.2359807929
2015-01-13,393799.993059,696783.70195465
2015-01-14,400923.97107,682564.3060579001
2015-01-15,371146.144942,667963.5791205429
2015-01-16,423599.9357975,656951.4882599892
2015-01-17,621865.434007,652112.7760524572
2015-01-18,678277.030991,642924.2584328501
2015-01-19,448217.896919,621196.1404217964
2015-01-20,405308.77722,599666.3343932499
2015-01-21,413202.592067,576388.6422144821
2015-01-22,364862.5390355,554920.0589045
2015-01-23,416937.181925,538664.2990877143
2015-01-24,588849.871003,533244.7888045356
2015-01-25,631623.951015,530219.5858025358
2015-01-26,410009.617966,517219.98640221433
2015-01-27,360009.850046,497471.39057514287
2015-01-28,376935.916035,480776.9422308929
2015-01-29,343062.160973,492572.9616592143
2015-01-30,435899.6719165,484649.2573711964
2015-01-31,656205.841844,484910.87004683923
2015-02-01,815294.475951,487924.1093300179
2015-02-02,538301.886974,486818.20179480355
2015-02-03,475249.842928,486724.0268617678
2015-02-04,451923.147059,485215.5374668393
2015-02-05,407491.967944,484858.725995875
2015-02-06,437147.54517,484778.9516779107
2015-02-07,599911.594879,485848.7619232321
2015-02-08,622994.231951,483282.09338219644
2015-02-09,458002.152043,483823.4008118036
2015-02-10,400825.9849177,484074.32909247145
2015-02-11,400115.3330245,484045.449162275
2015-02-12,384963.142969,484538.91337752494
2015-02-13,493265.468013,487026.9680995071
2015-02-14,562855.068099,484919.4550313643
2015-02-15,434886.671834,476226.9422043286
2015-02-16,420740.903983,475245.62102804286
2015-02-17,483088.13409300003,478023.45520207856
2015-02-18,497499.057967,481034.0432699357
2015-02-19,436360.905914,483587.55637273926
2015-02-20,483681.015026,485971.26469777507
2015-02-21,572753.075038,485396.37912759645
2015-02-22,691339.067796,487529.06186977495
2015-02-23,443349.890841,488719.785901025
2015-02-24,407890.277971,490429.8011840607
2015-02-25,395774.954032,491102.6239696679
2015-02-26,354938.226975,491526.769184025
2015-02-27,436488.424914,491547.7960767929
2015-02-28,635263.400075,490799.85172790004
2015-03-01,820434.978924,490983.4411197929
2015-03-02,546037.787999,491259.7232992571
2015-03-03,492365.24083,491870.98751004285
2015-03-04,483330.548167,492992.6804067571
2015-03-05,428599.809059,493746.53187515
2015-03-06,463723.974873,494695.69007882854
2015-03-07,657377.210913,496748.0335086143
2015-03-08,659563.411966,498054.07565200713
2015-03-09,480371.950086,498852.9970106857
2015-03-10,457881.7640763,500890.7034092071
2015-03-11,425617.727075,501801.50319672504
2015-03-12,382588.6690535,501716.70055688574
2015-03-13,434805.995204,499628.8622422786
2015-03-14,616609.760896,501548.67269931425
2015-03-15,662700.871933,509684.89413142146
2015-03-16,466598.425914,511322.6627718142
2015-03-17,415359.51603,508903.78355527855
2015-03-18,398629.999994,505372.74577052856
2015-03-19,373324.3829895,503121.4413803679
2015-03-20,467687.945081,502550.26031090354
2015-03-21,624099.228222,504384.0514960465
2015-03-22,646466.401887,502781.45628501073
2015-03-23,462664.2370045,503471.25436227856
2015-03-24,407369.722015,503452.66307813575
2015-03-25,408258.189916,503898.49293113576
2015-03-26,367006.957001,504329.51900349284
2015-03-27,436906.608975,504344.4541485286
2015-03-28,589854.7040575,502722.7150050464
2015-03-29,641213.770163,496321.9575492964
2015-03-30,437878.834978,492459.13779854646
2015-03-31,443278.893073,490706.05395008216
2015-04-01,557223.161038,493345.0758383322
2015-04-02,524588.902022,496773.2577298678
2015-04-03,510296.785948,498436.5724111179
2015-04-04,653894.195903,498312.1790179036
2015-04-05,659669.577136,498315.9706311179
2015-04-06,519734.816963,499721.78730529646
2015-04-07,464788.21798,499968.4463732857
2015-04-08,461140.213006,501237.10658510716
2015-04-09,398718.315935,501813.16540230357
2015-04-10,445869.298012,502208.28335973213
2015-04-11,610603.017074,501993.7567946607
2015-04-12,659939.024086,501895.11937155353
2015-04-13,453724.756048,501435.3454477679
2015-04-14,403623.396979,501016.19833880354
2015-04-15,438106.287965,502426.06576633925
2015-04-16,418643.193957,504044.5947294643
2015-04-17,456303.236748,503637.9980032858
2015-04-18,629155.66071,503818.5848778571
2015-04-19,684544.950159,505178.5330304286
2015-04-20,481694.770966,505858.194957625
2015-04-21,426018.313035,506524.2160654821
2015-04-22,421108.210059,506983.14535630355
2015-04-23,392147.042002,507881.0055349107
2015-04-24,437625.507963,507906.6804987678
2015-04-25,588781.512939,507868.35224453575
2015-04-26,625901.000988,507321.4676311429
2015-04-27,425049.148087,506863.2645278928
2015-04-28,374839.1850745,504418.9892422321
2015-04-29,398724.330055,498758.316707125
2015-04-30,432612.141938,495473.4324184107
2015-05-01,674509.400095,501338.1686379464
2015-05-02,711052.273896,503379.52856626787
2015-05-03,742887.785029,506351.60741958924
2015-05-04,556245.147953,507655.54781208927
2015-05-05,509493.227021,509252.15527783934
2015-05-06,504999.550962,510818.5602048393
2015-05-07,444082.309939,512438.70284783933
2015-05-08,481304.22297,513704.2358820536
2015-05-09,706705.4400759999,517136.46527498215
2015-05-10,558062.273048,513498.00988076784
2015-05-11,524864.051063,516038.69898844644
2015-05-12,452162.874045,517772.2517408036
2015-05-13,446915.639008,518086.8714209107
2015-05-14,395609.666087,517264.2454255536
2015-05-15,483535.538107,518236.82761694636
2015-05-16,709798.552994,521116.93091280357
2015-05-17,798186.132143,525175.5445550892
2015-05-18,496595.01098,525707.6959841608
2015-05-19,446375.4880335,526434.7379483929
2015-05-20,466238.630977,528046.5386954643
2015-05-21,417006.136035,528934.3634823571
2015-05-22,458727.917031,529688.0209490715
2015-05-23,658882.9229615,532191.6427355893
2015-05-24,738068.426823,536197.6222296965
2015-05-25,534802.790004,540117.3951553035
2015-05-26,463132.406006,543270.7244742856
2015-05-27,481804.96096,546237.88986375
2015-05-28,428506.881011,546091.2734020714
2015-05-29,560519.530038,542020.2066143213
2015-05-30,855728.291973,547187.2072599286
2015-05-31,1023564.76704,557211.3851888928
2015-06-01,812081.2027655,566348.3871464821
2015-06-02,753430.6418917,575060.4376775787
2015-06-03,747929.452075,583736.5055744714
2015-06-04,608994.6461083,589626.2318662321
2015-06-05,657675.126037,595925.1926900536
2015-06-06,904437.271141,602987.0437995178
2015-06-07,1070695.9178497,621295.3882567214
2015-06-08,696952.81204,627441.4154344713
2015-06-09,623725.1071692,633568.6380460499
2015-06-10,641435.3719983,640515.7713671321
2015-06-11,510019.1489275,644601.8243257215
2015-06-12,606616.000975,648997.5551424358
2015-06-13,840727.775905,653673.5988178285
2015-06-14,967745.7218685,659729.2984508822
2015-06-15,666557.1317587,665799.3741929785
2015-06-16,672637.824072,673880.1719086393
2015-06-17,677171.157112,681413.4764134607
2015-06-18,556155.0391433,686383.0800959
2015-06-19,659233.5706609,693543.996296968
2015-06-20,936951.654373,703475.0224188071
2015-06-21,790568.421132,705350.0222155572
2015-06-22,701208.22895,711293.0736064857
2015-06-23,640322.326029,717621.2850358785
2015-06-24,643411.714061,723392.9547894857
2015-06-25,518700.9558973,726614.1717497108
2015-06-26,593299.460788,727784.8835622107
2015-06-27,831492.4641955,726919.3182844428
2015-06-28,976563.5890657,725240.7047853607
2015-06-29,639072.192193,719061.8115506286
2015-06-30,669548.425059,716066.0180923179
2015-07-01,885953.200992,720995.4376964964
2015-07-02,705642.2820965,724447.1389817894
2015-07-03,772773.3939200001,728557.7914061822
2015-07-04,1018541.84294,732632.9546847178
2015-07-05,982427.6819,729480.5176865142
2015-07-06,754949.70914,731551.8354400859
2015-07-07,654821.0515315,732662.4048815964
2015-07-08,732992.130029,735932.2890969785
2015-07-09,605032.4963965,739325.6229351572
2015-07-10,643986.381178,740660.2793709785
2015-07-11,794984.703157,739026.5982014071
2015-07-12,898731.936734,736561.8201608893
2015-07-13,647967.077874,735897.889665007
2015-07-14,601452.258023,733355.5480204
2015-07-15,664505.1001790001,732903.1888442215
2015-07-16,584042.727022,733899.1776970321
2015-07-17,653452.17114,733692.6991427143
2015-07-18,826353.336031,729742.7592019286
2015-07-19,894707.299378,733462.0048535714
2015-07-20,685961.243972,732917.4696757856
2015-07-21,607836.498977,731757.2615667857
2015-07-22,631385.408886,731327.7506676785
2015-07-23,541511.421067,732142.410138025
2015-07-24,635244.2449785,733640.4381448284
2015-07-25,797427.520942,732423.8330286322
2015-07-26,875032.0362592,728797.7061426857
2015-07-27,652999.1942961001,729295.0990749393
2015-07-28,594977.6665523,726631.8576996999
2015-07-29,625449.98155,717328.1712910571
2015-07-30,543393.592625,711533.5752385035
2015-07-31,695083.4489723,708758.9343475142
2015-08-01,1044894.790061,709700.1110304071
2015-08-02,1043495.475018,711881.1036417644
2015-08-03,811119.83411,713887.1795335499
2015-08-04,726613.35811,716451.1904827822
2015-08-05,724346.594,716142.4213388894
2015-08-06,583375.211759,715368.9468875501
2015-08-07,663326.5180703,716059.6660622751
2015-08-08,784099.215997,715670.8986637036
2015-08-09,679410.125135,707837.9768208822
2015-08-10,785477.934216,712749.0788330965
2015-08-11,668280.357956,715135.7966878464
2015-08-12,678064.7316857,715620.069241657
2015-08-13,557859.477954,714684.9532035142
2015-08-14,734484.205049,717578.95441455
2015-08-15,936339.026059,721507.0147726929
2015-08-16,913846.62503,722190.5621174072
2015-08-17,694747.161863,722504.3448992287
2015-08-18,629475.6430527,723277.1714733607
2015-08-19,653733.3600063,724075.3125848
2015-08-20,569443.704073,725072.8941207286
2015-08-21,653281.208151,725717.0713768894
2015-08-22,803270.157597,725925.7369717107
2015-08-23,865755.397429,725594.4284420607
2015-08-24,681575.9899773,726615.0282878178
2015-08-25,624698.33755,727676.48082345
2015-08-26,640075.9908365,728198.8382979679
2015-08-27,548043.327354,728364.900252575
2015-08-28,635737.2322,726245.3925107073
2015-08-29,876953.096934,720247.4748990285
2015-08-30,975697.601858,717826.1222861714
2015-08-31,776152.5521897,716577.2907890178
2015-09-01,906549.992952,723003.5991762321
2015-09-02,879033.0925,728528.1169798037
2015-09-03,707093.042,732946.6109169822
2015-09-04,736395.302632,735556.2103656143
2015-09-05,1052868.394291,745155.1095904
2015-09-06,1147642.583011,761877.6973716858
2015-09-07,767382.7769737,761231.4417558892
2015-09-08,677312.236066,761554.0088312464
2015-09-09,705633.4998935,762538.6076958107
2015-09-10,577743.795026,763248.7618769536
2015-09-11,651330.167952,760278.9748377751
2015-09-12,921524.436013,759749.8823361321
2015-09-13,1023345.318906,763660.5499745607
2015-09-14,688405.190061,763434.0509816322
2015-09-15,682134.3540295,765314.7192308035
2015-09-16,742089.667998,768470.3016590786
2015-09-17,593577.802125,769332.2337323643
2015-09-18,653805.874946,769350.9718321858
2015-09-19,935893.481059,774087.5190986858
2015-09-20,1037532.860693,780222.4285009714
2015-09-21,717725.376959,781513.4780360322
2015-09-22,641914.7389995,782128.3495163714
2015-09-23,690419.721922,783926.3399122822
2015-09-24,557321.610921,784257.7071825322
2015-09-25,646083.8750635,784627.2301419427
2015-09-26,890486.060145,785110.5502566214
2015-09-27,1018062.963565,786623.5988890143
2015-09-28,671261.0640092,782877.4743111393
2015-09-29,609130.6581453,772255.3552109001
2015-09-30,711182.539054,766260.6925878285
2015-10-01,796340.858947,769448.1146216501
2015-10-02,830719.387744,772816.8319470786
2015-10-03,1179376.177625,777334.96706615
2015-10-04,1234130.938595,780423.8369084357
2015-10-05,809524.837996,781928.910516375
2015-10-06,696169.275967,782602.3762271252
2015-10-07,720562.330573,783135.548751393
2015-10-08,603066.030064,784039.9142884642
2015-10-09,873934.7190479999,791990.0768276071
2015-10-10,867556.973019,790062.6674349643
2015-10-11,973329.203973,788276.3776159285
2015-10-12,721634.5721813,789463.141263082
2015-10-13,585141.5538577,785999.112685518
2015-10-14,688198.106351,784074.4140552679
2015-10-15,577952.197162,783516.3567351607
2015-10-16,693829.351874,784945.7666254464
2015-10-17,958052.958031,785737.1765173035
2015-10-18,1071477.102879,786949.4708810893
2015-10-19,699259.488037,786289.9748481606
2015-10-20,660308.361186,786946.8899262501
2015-10-21,672847.3460333,786319.3050730821
2015-10-22,547020.0469813,785951.3920752357
2015-10-23,639040.6062,785699.8467586822
2015-10-24,859950.710621,784609.2985613964
2015-10-25,1018783.141953,784635.0192181107
2015-10-26,649914.352338,783872.6366584251
2015-10-27,587066.101075,783084.6167630571
2015-10-28,599388.1222552,779091.9590202429
2015-10-29,511860.0689186,768931.9308049429
2015-10-30,635875.8911987,761973.2344997536
2015-10-31,915956.851878,752565.4014373607
2015-11-01,819250.388037,737748.238917432
2015-11-02,762549.794932,736070.5588080036
2015-11-03,1033439.132986,748115.9108443965
2015-11-04,855494.43996,752934.914751075
2015-11-05,649662.670907,754599.0804954678
2015-11-06,671145.788057,747356.6186743608
2015-11-07,929723.344157,749576.8462150035
2015-11-08,1077361.9559685,753292.3016434143
2015-11-09,683644.901987,751935.5277079036
2015-11-10,623529.1790699,753306.5143226249
2015-11-11,689746.212316,753361.8038213749
2015-11-12,506937.6640027,750825.5704942571
2015-11-13,626674.025055,748427.165965007
2015-11-14,867597.332909,745196.6079249356
2015-11-15,1056159.462651,744649.5493453644
2015-11-16,716508.7092175,745265.5929589536
2015-11-17,618919.988059,743787.4367758464
2015-11-18,683954.18795,744184.1097014429
2015-11-19,560452.567301,744663.8425700035
2015-11-20,665619.668251,745613.0947861107
2015-11-21,863726.8816559,745747.9580373571
2015-11-22,1015844.2849005,745642.9988569106
2015-11-23,696685.460932,747313.3955924107
2015-11-24,612710.200935,748229.2563016964
2015-11-25,658917.83013,750355.317297225
2015-11-26,530358.330027,751015.9694796678
2015-11-27,645087.0350447,751344.9389027393
2015-11-28,850596.003884,749010.6229029536
2015-11-29,1070619.802932,757988.1020063466
2015-11-30,762036.1239965,757969.756615793
2015-12-01,857620.9426407,751690.5355320321
2015-12-02,867269.5758400001,752111.076099175
2015-12-03,676883.031992,753083.2318522108
2015-12-04,749354.1319635,755876.3869917284
2015-12-05,966202.367876,757179.2092674071
2015-12-06,1143119.31945,759527.6865346035
2015-12-07,822334.708983,764480.8939273178
2015-12-08,712569.16983,767660.8935973215
2015-12-09,747893.782087,769737.5925177142
2015-12-10,657427.1785246,775112.2180363536
2015-12-11,708392.807819,778030.7459922107
2015-12-12,915667.884291,779747.5513987107
2015-12-13,1059425.4213405,779864.1927804785
2015-12-14,811613.7221567,783260.80038545
2015-12-15,779809.953397,789006.8705760929
2015-12-16,859930.249129,795291.7299039143
2015-12-17,809809.748717,804197.3435259144
2015-12-18,893569.902701,812338.4233277001
2015-12-19,1095523.5178683,820616.874621
2015-12-20,1175416.9636673,826315.8988626715
2015-12-21,1072887.476889,839751.68514685
2015-12-22,1141861.90926,858649.9604441716
2015-12-23,1196146.056374,877836.6828100284
2015-12-24,1083680.315238,897598.18228185
2015-12-26,946725.190766,908370.9735576108
2015-12-27,837714.129168,907910.9066034679
2015-12-28,789684.9127821,897877.5176695428
2015-12-29,870762.025758,901760.5855895963
2015-12-30,1030043.735764,907918.542486857
2015-12-31,964641.5415009999,911396.1126890357
2016-01-01,16433.394,887808.6256178928
2016-01-02,1066677.424862,899141.6003642678
2016-01-03,1226735.719895,908446.362936375
2016-01-04,955956.875097,901761.9899237677
2016-01-05,835320.439089,902225.7659989821
2016-01-06,821685.655923,906122.7833594464
2016-01-07,653504.3669428,902751.7328185822
2016-01-08,713608.3341557,904758.2026625499
2016-01-09,989209.458148,914787.3687457286
2016-01-10,1094693.83696,921181.1527696215
2016-01-11,705495.240963,908540.7891847107
2016-01-12,647058.461085,902663.8155750071
2016-01-13,660045.317135,898386.5071370786
2016-01-14,561972.62307,887745.1633492571
2016-01-15,671027.100027,882788.6401817572
2016-01-16,959827.146436,885154.97031515
2016-01-17,1057997.343303,883814.7497949607
2016-01-18,709784.229951,867185.0093050929
2016-01-19,630929.75099,851400.8048087001
2016-01-20,738744.013045,837003.7370867357
2016-01-21,552820.7690359,814027.833967518
2016-01-22,648431.428037,798483.2308531963
2016-01-23,906754.833923,797055.7181088036
2016-01-24,980927.7570135,802170.4905318571
2016-01-25,658090.687097,797470.6967573892
2016-01-26,609465.787904,788138.6882626036
2016-01-27,647254.67807,774467.6504878179
2016-01-28,533709.8489592,759077.2328970393
2016-01-29,660492.758086,782079.3530429679
2016-01-30,969938.376831,778624.3870418608
2016-01-31,1093211.2294,773855.655238468
2016-02-01,872063.3148838,770859.456659425
2016-02-02,765233.207779,768356.3412554965
2016-02-03,772360.939004,766594.7442226751
2016-02-04,650328.166941,766481.308508325
2016-02-05,768586.5079877,768444.8147166108
2016-02-06,941954.07605,766757.122498825
2016-02-07,697791.630994,752582.043714325
2016-02-08,636542.677274,750119.4521540034
2016-02-09,746939.64016,753686.6371209678
2016-02-10,790988.713851,758363.1870036823
2016-02-11,646376.371075,761377.6065752892
2016-02-12,698152.0698755,762346.35549845
2016-02-13,859023.0269945,758746.2083755393
2016-02-14,940214.498527,754539.6782049679
2016-02-15,746671.290005,755857.0732068963
2016-02-16,719111.88609,759006.4351747535
2016-02-17,723794.722013,758472.5319236107
2016-02-18,570072.678149,759088.6715347928
2016-02-19,672510.133621,759948.6253056499
2016-02-20,883790.2212395,759128.4605669535
2016-02-21,991384.2700283,759501.9074603393
2016-02-22,698907.63622,760959.6556433036
2016-02-23,641329.0610941,762097.6296858072
2016-02-24,675573.377814,763109.0118195213
2016-02-25,557959.327812,763975.064635693
2016-02-26,641922.8016649,763311.8519063678
2016-02-27,916704.0687289999,761410.6266170107
2016-02-28,994502.727301,757885.3229706178
2016-02-29,726619.7578255,752690.9102185357
2016-03-01,897927.643296,757429.9972012857
2016-03-02,878452.364907,761218.9766978214
2016-03-03,671564.7523075,761977.4261751964
2016-03-04,747546.7958183,761226.0078834322
2016-03-05,1028620.677053,764321.2436335393
2016-03-06,1078958.5091855,777934.3464260929
2016-03-07,738126.524119,781562.3409562715
2016-03-08,642291.3448895,777824.9018394678
2016-03-09,694645.8489091,774384.0852343999
2016-03-10,572491.856825,771745.3525826143
2016-03-11,664893.5129268001,770557.5469773037
2016-03-12,898101.109871,771953.1927943213
2016-03-13,954980.3301475,772480.5439236249
2016-03-14,668066.393105,769673.2261771964
2016-03-15,668186.702459,767854.4696189464
2016-03-16,739805.377693,768426.278750375
2016-03-17,580452.5319757,768796.9878156142
2016-03-18,666756.8191527,768591.5122988893
2016-03-19,895038.512068,768993.2369713357
2016-03-20,929605.582019,766786.8552567179
2016-03-21,690469.800941,766485.5039967535
2016-03-22,622695.8369947,765820.0317074892
2016-03-23,714881.17408,767223.8815741321
2016-03-24,660489.8450025,770885.6857595071
2016-03-25,633524.200062,770585.7357022606
2016-03-26,800133.5174955,766422.5017296358
2016-03-27,833336.064862,760666.5494996713
2016-03-28,661057.8656583,758325.0533508429
2016-03-29,621166.0630926,748440.7112007214
2016-03-30,660138.988943,740643.804916293
2016-03-31,617374.3379607,738708.4329753357
2016-04-01,872467.3200749999,743169.8802702178
2016-04-02,1150824.580929,747534.3054086465
2016-04-03,1266908.291001,754246.7976163429
2016-04-04,795237.1920634999,756286.4643286464
2016-04-05,725750.101045,759267.1341913429
2016-04-06,744784.8430795,761057.8125545715
2016-04-07,587939.720177,761609.5219599999
2016-04-08,689727.1961377,762496.4392175322
2016-04-09,927981.389244,763563.5920522821
2016-04-10,1008876.737901,765488.4637577643
2016-04-11,665348.963943,765391.4127162643
2016-04-12,651657.0342615,764801.0674234964
2016-04-13,672611.48105,762401.2854005321
2016-04-14,546785.2089455,761198.8810065965
2016-04-15,667606.299867,761229.2196035357
2016-04-16,862121.492036,760053.6117452501
2016-04-17,1271833.739255,772276.04593225
2016-04-18,1345920.6048929,795685.0032162464
2016-04-19,1152089.208085,814591.9093266142
2016-04-20,1062426.2900389,827004.2348965751
2016-04-21,1001079.779168,839168.1611167714
2016-04-22,857059.24399,847151.5555427715
2016-04-23,1022143.1346499,855080.4704411428
2016-04-24,1039369.932014,862438.8228394286
2016-04-25,680000.753839,863115.3545601678
2016-04-26,704799.4182328,866102.2601008891
2016-04-27,670288.098041,866464.7282829607
2016-04-28,543339.849013,863820.6393919715
2016-04-29,708711.428894,857972.2147069357
2016-04-30,1067335.770093,854990.4714627928
2016-05-01,1270121.20756,855105.2184827571
2016-05-02,973985.670432,861489.0927102036
2016-05-03,792205.5501393,863862.5016064286
2016-05-04,798654.4540987,865786.4162856856
2016-05-05,648701.6029645,867956.4835280965
2016-05-06,761422.5161262,870517.030670543
2016-05-07,1071192.776983,875631.7230897929
2016-05-08,820824.6380683,868915.5766671965
2016-05-09,771767.6541339,872716.2441740142
2016-05-10,693010.486981,874193.1531997108
2016-05-11,727543.4630335,876155.0096991215
2016-05-12,603394.2070997,878176.7596332
2016-05-13,666833.8999414,878149.1739215713
2016-05-14,932869.5212631,880675.8892511107
2016-05-15,1070331.66738,873479.3866841465
2016-05-16,748112.686851,852129.1038969357
2016-05-17,661930.83884,834623.4478524715
2016-05-18,671232.9593407,820652.2574703927
2016-05-19,581470.5602065,805666.2139360536
2016-05-20,706024.0579254,800272.1001480322
2016-05-21,910757.16309,796294.0297351786
2016-05-22,1030671.62292,795983.3758389644
2016-05-23,695004.681298,796519.2303910714
2016-05-24,606377.2052165,793004.1513547751
2016-05-25,637512.038734,791833.5778080964
2016-05-26,571968.623123,792856.0340263107
2016-05-27,852689.219312,797998.0979698107
2016-05-28,816187.2200643,789028.5068973572
2016-05-29,959853.658039,777947.522985893
2016-05-30,752452.419172,770035.6211551785
2016-05-31,974327.9898907,776539.9940034428
2016-06-01,811525.320315,776999.6677968821
2016-06-02,694535.9356793,778636.6082509821
2016-06-03,742363.085208,777955.9142896178
2016-06-04,1011996.61607,775841.7656855823
2016-06-05,1123734.4361,786659.9727581429
2016-06-06,729894.222866,785164.4930700036
2016-06-07,658714.653306,783939.641867325
2016-06-08,696747.5498651,782839.7878255964
2016-06-09,547139.6129411,780830.6951770751
2016-06-10,637354.31962,779777.8530227393
2016-06-11,845838.2061645,776669.5917692179
2016-06-12,947479.764963,772282.0238257535
2016-06-13,685382.193062,770041.6490475751
2016-06-14,622267.7731045,768625.1109855928
2016-06-15,708327.6370845,769949.9209050144
2016-06-16,620526.243001,771344.7667191036
2016-06-17,737897.438279,772483.1017317321
2016-06-18,972971.109711,774705.0283967679
2016-06-19,837363.023871,767801.1498593035
2016-06-20,735754.3648971,769256.4957021286
2016-06-21,679248.0220203,771859.0248736928
2016-06-22,677730.6512057,773295.4038905392
2016-06-23,559653.337429,772855.5722586109
2016-06-24,641812.675912,765324.2671371821
2016-06-25,860296.8349625,766899.6105264035
2016-06-26,954344.666933,766702.8608440465
2016-06-27,684735.608995,764284.4033377249
2016-06-28,596948.934953,750806.5799470928
2016-06-29,632489.476942,744412.4426837715
2016-06-30,554144.864923,739398.4758710464
2016-07-01,857027.5539605,743493.63546935
2016-07-02,1078485.141848,745868.2256757071
2016-07-03,1126713.707945,745974.6282415999
2016-07-04,850891.598845,750295.9630979929
2016-07-05,728011.558041,752770.8525528143
2016-07-06,752110.940641,754748.1165090965
2016-07-07,591702.7820185,756339.6582618607
2016-07-08,688563.400224,758168.5539977179
2016-07-09,868259.9708787,758969.3313089393
2016-07-10,932486.3001359,758433.8504222572
2016-07-11,688436.1450485,758542.9201360607
2016-07-12,627039.780111,758713.3489577214
2016-07-13,642494.4024465,756362.1620063642
2016-07-14,535124.328126,753312.0936179714
2016-07-15,675032.4290353,751066.9147164107
2016-07-16,887192.885063,748003.4066932678
2016-07-17,932586.6967328,751404.2521526179
2016-07-18,702619.751022,750220.8730856499
2016-07-19,633176.2922806,748575.454166375
2016-07-20,686848.847004,748901.1040163143
2016-07-21,578823.6890245,749585.7594304392
2016-07-22,646633.655341,749757.9372671893
2016-07-23,822292.472006,748400.6385901714
2016-07-24,847867.677942,744597.88898335
2016-07-25,697383.602092,745049.6030225287
2016-07-26,622771.923903,745971.8526278858
2016-07-27,651121.9849837,746637.2993436606
2016-07-28,533256.2493581,745891.2773592001
2016-07-29,669585.8378729,739196.9303560714
2016-07-30,910213.871959,733187.24214575
2016-07-31,997916.9572141,728587.358191075
2016-08-01,895580.405053,730183.3869842179
2016-08-02,777592.8388893,731954.1470145143
2016-08-03,779844.8100532,732944.6423506644
2016-08-04,622883.098161,734058.2250700392
2016-08-05,704092.7391311,734612.8443167213
2016-08-06,858903.2119025,734278.6743532857
2016-08-07,904321.436838,733272.7863783607
2016-08-08,715195.5388238,734228.4790131928
2016-08-09,635538.981035,734532.0219033357
2016-08-10,658457.436112,735102.1302485323
2016-08-11,596729.279945,737302.3070992107
2016-08-12,745662.5051491,739824.8098175607
2016-08-13,714905.9190669,733671.7038891286
2016-08-14,761826.1289779,727573.1121835964
2016-08-15,720032.299881,728194.9889285607
2016-08-16,718671.651353,731248.3946097179
2016-08-17,725945.703034,732644.7108965035
2016-08-18,577350.5209386,732592.0977505787
2016-08-19,678767.115815,733739.7213389358
2016-08-20,828986.33584,733978.7879044358
2016-08-21,901870.149939,735907.4476186143
2016-08-22,714866.233843,736531.827324007
2016-08-23,660819.9779755,737890.6863980249
2016-08-24,674613.0479498,738729.6529325286
2016-08-25,554421.529139,739485.5557818463
2016-08-26,646698.272887,738668.1427466357
2016-08-27,791047.534486,734412.2021226
2016-08-28,858802.419759,729443.8257849178
2016-08-29,671845.736816,721453.3019193106
2016-08-30,624711.335056,715993.2482109786
2016-08-31,731430.1240452,714264.1522821214
2016-09-01,718105.570925,717664.9548808357
2016-09-02,837129.587642,722416.2708990822
2016-09-03,1057581.210918,729511.9137210643
2016-09-04,1109985.857533,736857.0716030287
2016-09-05,813763.2950235,740377.3486101606
2016-09-06,751583.025072,744521.7787543393
2016-09-07,738543.916999,747382.0102145893
2016-09-08,595849.2986095,747350.58230975
2016-09-09,658969.026968,744254.3866604251
2016-09-10,915938.559049,751434.1238026429
2016-09-11,1017369.2242663,760560.6629200857
2016-09-12,678776.4591265,759087.2400359965
2016-09-13,603427.946974,754971.3934510321
2016-09-14,624262.071976,751339.8351989608
2016-09-15,568324.812986,751017.4884863679
2016-09-16,691912.601466,751486.9701167607
2016-09-17,899219.297508,753995.2901763321
2016-09-18,1018662.657394,758166.4511568678
2016-09-19,681159.341976,756962.6335901892
2016-09-20,650980.3219717001,756611.2173043394
2016-09-21,666928.400013,756336.7655923107
2016-09-22,533276.332017,755581.5799808108
2016-09-23,663685.9846653,756188.2839728928
2016-09-24,861830.389997,758716.2430982857
2016-09-25,952352.5509251,762057.3192113608
2016-09-26,664217.4402937,761784.88004985
2016-09-27,587908.3278165,760470.4869341536
2016-09-28,631761.1750463,756910.8816127643
2016-09-29,520744.9210333,749862.286973775
2016-09-30,703198.490806,745079.0335153465
2016-10-01,1175033.65823,749273.7637764893
2016-10-02,1256480.1709663,754505.7035419643
2016-10-03,833060.55889,755194.8915371964
2016-10-04,724113.096039,754213.8226431607
2016-10-05,749712.3000211,754612.6934653785
2016-10-06,581429.340158,754097.6949492536
2016-10-07,797612.239327,759049.2382477892
2016-10-08,932551.706831,759642.5649542892
2016-10-09,1088251.479908,762174.07408435
2016-10-10,725312.8469015,763836.0879334571
2016-10-11,625271.993952,764616.2324683858
2016-10-12,665126.077693,766075.6612439927
2016-10-13,558859.8909975,765737.6283158322
2016-10-14,667954.207226,764881.9713786894
2016-10-15,890613.591114,764574.6247217607
2016-10-16,1104504.6882152,767640.4115368036
2016-10-17,710456.4240015,768686.7358948572
2016-10-18,630638.592023,767960.2455395464
2016-10-19,647823.468973,767277.9265738322
2016-10-20,583001.280078,769053.8175760107
2016-10-21,669453.5420583,769259.8017686178
2016-10-22,843626.415914,768609.6598370821
2016-10-23,1022953.689959,771131.1290882928
2016-10-24,668507.6451983,771284.3506920285
2016-10-25,610590.8979547,772094.4424826786
2016-10-26,633413.8905697,772153.4680370857
2016-10-27,544361.4798829,772996.9165674286
2016-10-28,638838.252231,770698.3366183214
2016-10-29,841074.6969995,758771.2308600892
2016-10-30,954838.191008,747998.3030044356
2016-10-31,654923.5029715,741636.2652930607
2016-11-01,811832.445984,744769.0992196678
2016-11-02,969033.618953,752602.0034672357
2016-11-03,793811.6841115,760187.0871798608
2016-11-04,858468.216477,762360.5149352179
2016-11-05,887751.298669,760760.5003580035
2016-11-06,1140367.104134,762621.7726517894
2016-11-07,849451.0429045,767055.2796518964
2016-11-08,767439.628434,772132.6951691107
2016-11-09,790276.839009,776602.3652161108
2016-11-10,588241.7590247,777651.7176456535
2016-11-11,713396.4541223,779274.6550348073
2016-11-12,929802.771943,780674.2686358428
2016-11-13,1188982.232398,783691.3237852285
2016-11-14,735723.172977,784593.7076772107
2016-11-15,691801.6290437999,786778.1018565249
2016-11-16,830431.7415873,793299.8258784643
2016-11-17,615228.2560159,794450.7893048179
2016-11-18,738265.552222,796908.3610963786
2016-11-19,935656.0010137,800195.1319927964
2016-11-20,1125178.987911,803846.0354910821
2016-11-21,773762.280859,807605.1296218215
2016-11-22,690281.251004,810451.2136592964
2016-11-23,753685.041456,814746.6119052358
2016-11-24,595457.3062203,816571.4628458571
2016-11-25,737819.484836,820106.5068674643
2016-11-26,908066.823384,822499.0828097679
2016-11-27,1056721.5920875,826137.7757054643
2016-11-28,752583.7680527,829625.6423155072
2016-11-29,645760.5082353,823694.501681625
2016-11-30,767361.704324,816491.9333020179
2016-12-01,843603.315088,818270.2058368928
2016-12-02,853454.930795,818091.1599196785
2016-12-03,1113440.567059,826151.4909336072
2016-12-04,1276195.0362097,831002.4885077393
2016-12-05,896824.938971,832694.4133672571
2016-12-06,932546.385931,838591.0832778643
2016-12-07,867653.7351403,841354.5438539821
2016-12-08,674077.382905,844420.1018497071
2016-12-09,774941.923982,846618.1543446964
2016-12-10,920050.745917,846269.8677009108
2016-12-11,1119324.243986,843782.0824004821
2016-12-12,844251.703802,847658.1013585179
2016-12-13,747161.615593,849635.2437352751
2016-12-14,829763.2190675,849611.3679309965
2016-12-15,747641.1828753001,854340.4010331178
2016-12-16,918899.786306,860791.6236789749
2016-12-17,1071655.6282493,865648.7532231035
2016-12-18,1260471.9085900001,870480.6432473536
2016-12-19,1028242.8227987,879569.2340309144
2016-12-20,1080402.388032,893502.1317819144
2016-12-21,1181307.3270735,908774.3562682535
2016-12-22,1135849.391084,928074.0735848144
2016-12-23,1282145.5171351,947514.2890240679
2016-12-24,1246837.8430543,959613.2540122928
2016-12-26,1032770.748898,958757.8667555249
2016-12-27,842475.490118,961968.2854007144
2016-12-28,951533.7138481,972888.7570297428
2016-12-29,894108.236835,977415.4189051358
2016-12-30,1163643.0379923,988845.4090088607
2016-12-31,1109012.812049,997972.4761965036
2017-01-01,12082.500997,958638.2595514321
2017-01-02,1402306.370834,963142.2357880144
2017-01-03,1104377.0798245,970554.8122470679
2017-01-04,990093.463742,972610.0650260322
2017-01-05,777620.9540695,969394.6085592179
2017-01-06,839600.237989,975306.1390979321
2017-01-07,1103806.298949,987051.2953467536
2017-01-08,1192543.750978,996783.1883846464
2017-01-09,793724.8969065,985154.6402746643
2017-01-10,742635.5692609,981525.4926124822
2017-01-11,770742.690065,982367.673843625
2017-01-12,629635.794004,975220.2658056428
2017-01-13,768898.9443882,975979.4715739609
2017-01-14,1021050.536226,979627.7126425321
2017-01-15,1175725.165838,983344.4818421286
2017-01-16,824488.666175,967773.6517558786
2017-01-17,750836.542952,957866.2846184963
2017-01-18,782656.0246723,947232.4859270786
2017-01-19,606949.7448793,926719.7151344286
2017-01-20,725703.6910875,912071.6544202678
2017-01-21,1072721.724905,904592.2332691929
2017-01-22,1148214.358454,901069.9659620393
2017-01-23,798133.612125,892690.0682201466
2017-01-24,721275.774781,888361.5069581108
2017-01-25,744342.5929227,880961.8240679179
2017-01-26,576515.5369877,869619.2276448
2017-01-27,722113.958837,853850.3319606821
2017-01-28,977850.40585,849165.9603107178
2017-01-29,1075166.993043,887133.263598075
2017-01-30,698123.768037,861983.8849267535
2017-01-31,778222.285925,850335.4994303428
2017-02-01,961777.382874,849324.2108279143
2017-02-02,748882.732615,848297.8457759678
2017-02-03,834667.1519293,848121.6641309785
2017-02-04,1132788.541413,849156.7442189787
2017-02-05,1151987.631095,847708.3113660143
2017-02-06,786672.394181,847456.436268675
2017-02-07,739431.213302,847341.9949844285
2017-02-08,783605.377185,847801.3766672856
2017-02-09,624387.487899,847613.9371635357
2017-02-10,752207.2398545,847017.8048587607
2017-02-11,944924.65301,844299.0233153321
2017-02-12,1074820.900014,840695.2995359037
2017-02-13,794314.4320675,839617.6483177786
2017-02-14,642613.187069,835752.5284648143
2017-02-15,745780.355084,834435.5402652322
2017-02-16,645968.2570671,835829.0585576536
2017-02-17,758855.71279,837013.0593327429
2017-02-18,1063394.844003,836679.9564433858
2017-02-19,858897.1230135,826347.1980347965
2017-02-20,759120.0599607,824953.8568860714
2017-02-21,717807.6770255,824829.9962519464
2017-02-22,739388.0344027,824653.047733375
2017-02-23,675578.500156,828191.0107036715
2017-02-24,816197.498952,831551.13713635
2017-02-25,1026011.2228075,833271.1663134036
2017-02-26,775708.987978,822576.2375610822
2017-02-27,744956.948138,824248.8511361179
2017-02-28,949366.8290505,830361.1562477428
2017-03-01,1008521.709962,832030.5965008857
2017-03-02,836225.179072,835149.9695886357
2017-03-03,882639.776274,836863.2776009465
2017-03-04,1125736.3470592,836611.4135168821
2017-03-05,1196983.690104,838218.4156243465
2017-03-06,790143.2410905,838342.3744425429
2017-03-07,761866.729975,839143.64289515
2017-03-08,781046.6619577,839052.2602084607
2017-03-09,653901.1919827,840106.321068593
2017-03-10,773855.30685,840879.4663184322
2017-03-11,1001174.4340065,842888.3870683071
2017-03-12,1146006.826973,845430.7416025571
2017-03-13,754390.380036,844004.8826014323
2017-03-14,700998.0346447,846090.0557291358
2017-03-15,815621.887369,848584.3961678857
2017-03-16,699108.166824,850482.250087775
2017-03-17,812306.77427,852391.2165692037
2017-03-18,1038906.566154,851516.6352174536
2017-03-19,1157140.638587,862168.1893450785
2017-03-20,826428.90991,864572.0768432679
2017-03-21,746620.926177,865601.1214558213
2017-03-22,767880.804934,866618.7204033679
2017-03-23,670848.010029,866449.7743274036
2017-03-24,787914.125515,865439.6538475107
2017-03-25,1038139.316887,865872.8000646357
2017-03-26,1101557.476706,877510.2460906357
2017-03-27,784103.265042,878908.3288372072
2017-03-28,702943.9485770001,870107.5116774393
2017-03-29,824632.985033,863540.0572156893
2017-03-30,637624.340998,856447.1701416179
2017-03-31,878750.03788,856308.2509132607
2017-04-01,1463083.962459,868356.3800346822
2017-04-02,1138650.058898,866273.0360630393
2017-04-03,835191.622029,867881.9068108428
2017-04-04,835602.6360017,870515.3320260822
2017-04-05,846631.307907,872857.6408099858
2017-04-06,683059.570103,873899.0114571393
2017-04-07,765502.211925,873600.6866383894
2017-04-08,988591.469958,873151.2950652286
2017-04-09,1101713.657101,871569.3961412285
2017-04-10,739392.130988,871033.7443895143
2017-04-11,741331.430196,872474.2228020608
2017-04-12,791762.312883,871622.0951418465
2017-04-13,737029.565183,872976.430797525
2017-04-14,740889.486829,870425.8133889178
2017-04-15,898610.217928,865415.2295237036
2017-04-16,985493.795113,859284.9851139178
2017-04-17,775916.9059055,857480.9849709
2017-04-18,717196.315762,856430.1060275072
2017-04-19,735733.2142477001,855281.9777887107
2017-04-20,675804.0219027,855458.9782127714
2017-04-21,795795.893872,855740.4699398072
2017-04-22,974952.817869,853483.8092605928
2017-04-23,1140070.2748035,854859.2663355035
2017-04-24,755072.530945,853822.4544034678
2017-04-25,718996.080637,854395.7448341821
2017-04-26,781159.2829995,852843.1126187
2017-04-27,624910.0260955,852389.0299436107
2017-04-28,797636.6251025,849492.1223444144
2017-04-29,1068279.815941,835391.9742544856
2017-04-30,1041249.2479705,831913.3738642178
2017-05-01,1306699.366897,848752.9361809322
2017-05-02,907324.094113,851314.4168277642
2017-05-03,924247.257204,854086.4150169428
2017-05-04,716654.608983,855286.2378340857
2017-05-05,780798.407016,855832.5305159072
2017-05-06,1039417.861868,857647.7587984073
2017-05-07,1227380.607924,862135.8641849429
2017-05-08,776307.495015,863454.2700430499
2017-05-09,715811.198881,862542.8332103714
2017-05-10,766101.907094,861626.3901464784
2017-05-11,648650.413039,858469.9918556215
2017-05-12,764812.415784,859324.3821754428
2017-05-13,1116976.891153,867123.1919334785
2017-05-14,884199.9138385,863505.5533165323
2017-05-15,823035.572122,865188.3628242643
2017-05-16,807803.8950783,868424.3477998463
2017-05-17,841407.607944,872198.433289
2017-05-18,628487.989962,870508.5750054036
2017-05-19,773775.4378677,869722.1301481072
2017-05-20,1035667.381833,871890.5074325356
2017-05-21,1201938.886229,874100.1006977322
2017-05-22,778935.156126,874952.3373113393
2017-05-23,723151.767982,875100.7547165178
2017-05-24,746303.6271255,873855.909863875
2017-05-25,620108.24391,873684.4176429643
2017-05-26,984511.1521135,880358.5078933572
2017-05-27,932219.893144,875499.2249363215
2017-05-28,1061771.636907,876232.1673983393
2017-05-29,776813.137038,857307.6591890893
2017-05-30,742471.2769905,851420.0585775714
2017-05-31,858062.149411,849056.3047278215
2017-06-01,766859.172845,850849.32486575
2017-06-02,918421.319125,855764.4288696429
2017-06-03,1176138.109152,860647.2948440714
2017-06-04,1376511.520495,865973.3988644643
2017-06-05,912693.8511,870844.3401532143
2017-06-06,805546.647956,874049.1776201787
2017-06-07,842979.8370823,876794.8179769035
2017-06-08,667099.801025,877453.7246906894
2017-06-09,795116.1360699,878536.0004151857
2017-06-10,993732.684049,874134.421590043
2017-06-11,1213673.946877,885901.3513414179
2017-06-12,768349.7589517,883948.2865853356
2017-06-13,729412.959849,881148.6103271464
2017-06-14,785885.9088963,879165.6925040142
2017-06-15,660338.346974,880303.2052544429
2017-06-16,834786.4275550001,882482.1691718464
2017-06-17,1096133.5508865,884641.6752094714
2017-06-18,965144.121179,876184.7193148285
2017-06-19,791146.393731,876620.8349435786
2017-06-20,787326.7170395,878912.7974099179
2017-06-21,766159.0112892,879621.9182729071
2017-06-22,609868.8309586,879256.2249532143
2017-06-23,761049.7450639,871275.4604157285
2017-06-24,963268.227135,872384.3294868356
2017-06-25,1092610.858614,873485.7302620857
2017-06-26,755367.8450665,872719.8269773892
2017-06-27,682218.468913,870567.9409746213
2017-06-28,731896.9850105,866062.0422460322
2017-06-29,630811.802872,861203.2076041392
2017-06-30,802273.1392327,857055.0583222714
2017-07-01,1207529.921868,858176.1944907
2017-07-02,1296379.2175535,855314.3265285036
2017-07-03,925143.408816,855758.9535897893
2017-07-04,832359.2860137,856716.5478061356
2017-07-05,844301.613116,856763.7540930536
2017-07-06,700272.0099567,857948.4758406142
2017-07-07,805792.302193,858329.7674878679
2017-07-08,998347.1930085,858494.5713792786
2017-07-09,1100833.322376,854464.5490756714
2017-07-10,804158.8610365,855743.4455787
2017-07-11,730534.767701,855783.5101448429
2017-07-12,748799.9959087,854459.0132524286
2017-07-13,629651.3629294999,853363.0495365536
2017-07-14,765489.6173932999,850888.1634593501
2017-07-15,969077.125075,846350.4339660822
2017-07-16,1100803.699023,851195.4188890822
2017-07-17,818325.522149,852166.1020468678
2017-07-18,730133.70894,850123.4946147428
2017-07-19,767978.778078,850188.4862857714
2017-07-20,688288.067857,852989.1733178572
2017-07-21,782418.2992188,853752.3359662464
2017-07-22,932902.046681,852667.8295214607
2017-07-23,1024288.741245,850227.7539011393
2017-07-24,816564.327096,852413.3425450501
2017-07-25,713581.632609,853533.4555341928
2017-07-26,740653.044167,853846.1719326393
2017-07-27,659849.8270588,854883.2442250251
2017-07-28,835099.6822035,856055.6207596965
2017-07-29,1032310.865737,849797.7973264464
2017-07-30,1123752.4779517,843632.5566263822
2017-07-31,885856.8408705,842229.4649140429
2017-08-01,988527.763204,847806.910527982
2017-08-02,964712.016051,852107.282061375
2017-08-03,728068.485132,853100.0133176359
2017-08-04,827775.686128,853885.1341724572
2017-08-05,965693.650492,852718.9362254393
2017-08-06,1049559.164277,850887.7162933322
2017-08-07,797464.963817,850648.6485354928
2017-08-08,717766.3491055,850192.6335856535
2017-08-09,734139.67401,849669.0506607
2017-08-10,651386.9119697,850445.3202692785
2017-08-11,826373.722022,852619.7525774464
2017-08-12,792630.5350785,846318.088649
2017-08-13,865639.677471,837919.3735935715
2017-08-14,760922.4060808,835869.2623054215
2017-08-15,762661.935939,837030.9846982429
